chrom,pos,ref,alt,gnomad_af,gnomad_ac
chr1,123456,A,G,0.0001,2
chr2,234567,G,A,0.0002,1
chr3,345678,T,C,0.001,10
chrX,456789,C,T,0.00005,1
chr4,567890,G,C,0.0004,7
chr5,678901,A,T,0.0006,3
chr6,789012,T,G,0.0003,5
chr7,890123,C,A,0.0001,2
chr8,901234,G,T,0.002,12
chr9,1012345,A,C,0.00005,0
chr10,1112345,T,G,0.0003,1
chr11,1212345,C,T,0.0007,4
chr12,1312345,G,A,0.0001,2
chr13,1412345,A,T,0.0008,9
chr14,1512345,T,C,0.0002,1
chr15,1612345,G,C,0.00005,1
chr16,1712345,C,A,0.0004,3
chr17,1812345,A,G,0.0003,2
chr18,1912345,T,C,0.0002,5
chr19,2012345,G,T,0.0006,4
chr20,2112345,C,G,0.0001,1
chr21,2212345,A,C,0.00005,0
chr22,2312345,T,G,0.0003,2
chrX,2412345,G,A,0.00005,1
chrY,2512345,C,T,0.0001,1
